problem,102
becomes,9
apparent,2
selfish,2
process,43
thought,36
people,624
thinking,19
share,11
road,74
with,19
laws,23
currently,6
place,61
punish,3
making,81
poor,8
choices,9
attempt,3
keep,76
safe,60
reality,40
everyone,112
every,104
age,16
irresponsibly,1
driving,147
true,158
highly,10
unlikely,10
implausiblecould,1
lose,15
good,191
drivers,42
discount,1
however,463
talking,24
texting,22
cell,78
phones,110
simply,55
mix,2
become,55
huge,21
issue,34
past,20
years,46
always,124
solution,23
everything,51
like,353
car,276
holder,1
putting,19
gps,9
rather,72
calling,6
someone,79
hands,48
free,91
technology,93
eliminate,21
risk,39
causing,18
accident,48
may,274
make,270
worse,11
research,27
show,51
using,76
headphones,1
dangerous,47
holding,6
phone,142
conversations,3
distract,7
focusing,11
today,40
s,315
society,12
we,19
ve,21
attached,1
matter,59
multitasking,3
banned,2
law,11
that,126
sill,2
take,283
eyes,23
anytime,5
vehicle,25
motion,2
avoided,8
taking,63
precautions,2
insurance,3
maintenance,2
high,39
goodalthough,1
support,36
evidence,49
avoid,28
habits,13
create,57
hazardous,9
situations,31
collision,10
accidenttechnology,1
advanced,10
communicating,3
others,112
driver,111
uses,5
ideas,36
guideline,4
would,981
controversial,2
topic,70
now,16
devices,19
hand,44
prohibited,1
forced,21
drive,49
safely,7
desired,1
destination,10
harm,17
feel,107
responsibility,12
put,85
still,346
need,257
think,297
surroundings,5
yourself,8
contrast,3
allow,49
get,387
distracted,33
increase,16
chances,12
getting,65
well,156
many,299
life,179
great,70
tool,5
also,299
deadly,3
one,316
use,168
conducted,3
person,120
operating,9
order,35
cut,4
distraction,15
cause,79
something,190
used,42
start,40
speaker,1
hear,6
directions,8
quickly,6
stop,42
side,32
safer,29
checking,3
emergency,13
giving,40
full,16
attention,59
half,21
even,302
worsen,9
suggesting,8
behavior,9
illusion,9
safety,34
either,43
can,75
t,96
find,85
reach,13
stuck,12
guilty,1
procrastinator,1
this,52
class,167
understand,77
argument,32
late,13
work,295
school,543
home,202
what,26
killing,2
paying,18
require,23
mode,4
navigation,2
systems,11
listen,14
music,5
passengers,5
watch,16
movies,4
solutions,7
distractionpeople,1
earphones,1
exist,14
help,303
answer,28
course,26
wait,19
important,78
pull,11
instead,62
simple,25
call,35
sides,6
valid,24
arguments,9
increased,5
major,18
carriers,2
company,7
apple,2
inc,1
creating,15
features,6
voice,8
activated,1
disturb,3
disable,1
minimize,2
possibility,11
anything,58
related,4
occurring,4
example,37
soon,13
look,77
boom,1
crash,11
hurt,25
prevent,21
text,35
real,49
is,43
although,100
though,109
stuff,22
going,183
speed,7
limit,14
lives,32
fast,8
drivingtechnology,1
wrong,136
ourselves,2
around,81
us,139
again,31
misusing,1
cellphones,6
essentially,4
job,45
done,75
opinion,48
way,244
could,421
paid,6
ticket,3
bad,87
actual,15
friend,16
let,55
know,266
left,15
house,15
made,87
reason,75
broken,4
anyone,22
following,8
right,99
time,412
multiple,22
ways,56
include,10
lighting,1
cigarette,1
smoking,1
eating,3
drinking,1
etc,7
takes,30
case,69
without,82
gadgets,2
wipe,2
danger,18
recommending,1
conduct,5
protected,1
maps,2
confusing,4
campaign,16
it,220
comes,50
programs,13
promote,6
wireless,3
usage,15
ex,1
bluetooth,6
thus,14
ceasing,1
on,31
activity,49
makes,66
things,201
convenient,3
users,1
calls,9
listening,3
accessed,1
must,46
able,197
articulate,1
them,120
negligent,1
fact,97
quick,4
glance,1
safest,1
thing,118
utilize,2
cars,201
come,77
ability,29
directly,8
texted,1
called,10
there,43
less,98
provides,16
contradictory,1
results,18
study,24
cognitive,1
effects,8
concluded,1
participants,1
often,24
crashed,1
chatting,6
drunk,5
reduced,2
likelihood,3
lipovac,1
et,1
al,5
136,1
cannot,31
deny,4
potential,15
hazard,3
shows,30
ignorant,2
impact,13
selves,4
drivingtax,1
civilians,1
suffering,2
authorities,1
hold,10
offenders,1
accountable,1
habitsotherwise,1
electronic,5
nowhere,3
worth,48
happen,89
everyday,20
want,279
too,16
ride,8
unsafe,4
scared,3
risking,3
never,55
gonna,9
happenbelieve,1
period,12
fully,17
depend,7
reliable,10
anymore,8
really,165
give,95
accidenthowever,3
safehowever,2
air,12
bags,1
guarantee,5
34%,1
teens,11
aged,3
sixteen,1
seventeen,4
spend,26
10%,4
outside,24
lane,3
affects,3
deaths,5
innocent,4
scenario,7
round,3
yet,48
reaction,2
slow,3
elderly,2
due,70
several,16
causes,8
commotion,1
brain,17
conversation,5
headset,1
distracts,1
2017,2
34,3
247,1
accidents,32
15,7
341,1
29,2
involved,18
fatal,3
crashes,10
therefore,39
believe,106
facts,17
say,132
otherwise,14
living,12
realize,30
evidences,2
scary,1
business,5
issues,24
stressful,12
emotional,2
reactions,1
lead,35
tragedy,1
set,21
better,228
none,9
all,57
here,7
seven,5
reasons,59
puts,7
comparable,1
to,39
than,2
influence,5
you,41
likely,85
easy,51
over,16
setting,19
children,27
illegal,4
human,70
average,30
visual,6
stimulus,1
0,2
25,6
sec,1
much,189
looking,11
happening,18
requires,16
driverthat,1
lot,111
focus,49
concentration,1
successful,19
drivereveryone,1
capablenumbers,1
lie,10
according,13
nhtsa,1
tesla,3
fatality,1
86,1
million,16
miles,8
40,1
000,5
imagine,8
amount,66
themselves,39
national,10
council,3
reports,1
leads,15
1,20
6,4
year,65
perks,2
flawsimpacts,1
return,10
later,27
briefly,5
pick,25
other,9
unfortunately,5
choosing,20
multitask,2
admitted,1
damage,6
pay,51
lots,9
money,39
scientific,6
proof,19
behind,40
wheel,20
exact,16
opposite,17
claim,14
therefor,5
idea,93
caution,2
aware,12
whats,7
see,131
device,18
probability,1
400%,1
defense,4
justification,1
form,25
loopholes,1
excuse,9
police,3
officers,2
positive,26
negative,23
majority,46
admit,3
anyway,12
they,52
re,42
end,74
wreckcase,1
retire,1
possibly,17
resulting,5
upsetting,2
lower,7
go,177
ahead,14
cellphone,6
capacity,2
try,67
beyond,7
break,61
rules,23
poses,2
reasonable,16
drier,1
acceptable,1
away,64
handheld,1
artificial,1
intelligence,2
such,3
siri,1
alexa,1
and,17
headsets,1
urge,4
more,21
statistics,3
ones,55
follow,23
certain,60
extent,4
extentmany,1
useful,20
greatly,15
outnumbered,2
cons,25
touching,2
mentality,1
killed,7
reckless,2
odds,4
insanely,1
consider,16
minimizing,2
sake,3
consequences,11
little,52
depth,3
do,63
needs,50
lawmay,1
been,2
phoneviable,1
practice,17
prohibit,2
appropriate,6
trying,46
maintain,6
data,1
ages,3
30,6
39,1
olds,1
main,7
source,26
19,2
highest,4
percentage,11
16%,2
fatalities,3
linked,3
2005,1
2009,1
two,36
simultaneously,1
switching,1
rapidly,2
in,53
guys,6
dying,4
wanted,25
adults,15
because,10
cellular,4
change,94
times,43
ensure,14
his,2
her,5
him,8
herself,2
arrives,1
offense,1
talk,26
taken,50
else,35
disadvantages,9
easily,53
lost,13
expensive,9
addition,10
correction,2
indeed,6
reduce,11
risks,9
caused,11
but,109
towards,18
command,1
stranded,1
ubers,1
forms,15
public,56
transportation,13
necessity,3
whether,27
overlook,1
continue,23
studies,18
shown,15
adds,1
makers,1
auto,2
companies,9
acknowledge,3
aggressively,1
develop,15
market,4
distractions,40
blasphemy,1
distracting,8
seconds,5
radio,2
ruin,4
play,50
sing,1
along,21
promise,5
ll,11
trip,13
bearable,1
stated,22
furthermore,5
ultimately,13
benefit,91
out,31
gesture,1
hard,65
caralso,1
vehicles,5
kill,4
suffer,8
alarming,1
rate,7
completely,39
banning,2
seems,21
stretch,1
personally,10
speaking,4
i,53
lived,2
georgia,3
patience,1
carry,5
map,1
read,16
sign,14
far,43
resulted,1
across,6
nation,10
states,178
being,3
advantage,28
excuses,4
badly,1
best,117
tell,50
day,130
okay,5
cool,6
state,93
anyways,12
safefalse,1
advertising,1
mean,73
happened,25
hurts,4
usehowever,1
risky,3
situation,31
accidentsimply,1
feels,6
respond,1
immediately,1
occur,15
vehicular,1
result,16
death,7
phonehowever,1
lacks,2
carphone,1
disadvantage,3
solves,4
minor,3
part,34
sharpened,1
skill,14
task,20
averting,2
type,22
message,6
running,10
oncoming,1
traffic,17
short,10
alternative,7
cost,25
associated,1
experts,4
local,5
university,6
kansas,1
cases,18
hit,6
intersection,2
walking,14
drivethink,1
unfortunate,1
similar,14
advances,5
dial,1
options,19
communicate,10
option,47
allows,39
limited,14
zero,4
tolerance,1
bigger,16
ga,1
yes,42
speak,6
enforcement,2
agency,1
medical,2
provider,1
fire,3
department,1
family,27
paper,4
b,23
breeze,2
meaning,11
social,60
media,11
long,76
distance,58
communication,14
harmful,7
component,3
control,39
power,19
serious,9
regardless,8
skilled,1
are,10
condition,1
second,26
difference,23
chance,64
focused,9
roadwait,1
said,68
another,98
point,68
view,14
wonder,3
sick,20
checked,2
then,14
assistance,7
rage,1
common,21
stupid,9
occasions,2
recovered,2
snapchat,1
application,3
open,14
detector,1
filter,1
active,8
motor,1
selfishness,1
alternatives,2
writing,5
messages,2
playing,16
mobile,2
increases,3
article,29
mentioned,11
regulation,1
properly,11
decides,2
check,10
emails,2
applications,3
lap,1
next,26
cupholder,1
considered,4
threatening,1
tools,7
buy,9
up,35
turn,36
lights,4
learning,235
top,10
rollercoaster,1
ever,37
agree,26
incorrectly,2
detrimental,4
whoever,7
advocates,2
phoneexperience,1
new,122
mastered,2
false,29
teenagers,11
picking,13
habitseven,1
handsfree,1
entered,1
departure,1
ensues,1
science,7
begs,1
differ,4
recent,6
studied,4
epidemic,1
decision,29
postpone,1
arrived,1
drivingalthough,1
not,41
fines,1
number,19
drastically,1
probably,36
rock,17
couple,15
feature,9
proven,15
beneficial,43
some*,1
hazards,1
worry,21
truth,23
truly,29
claiming,3
push,15
undeniably,1
present,13
restrictions,4
action,10
implementing,2
implementation,1
differs,2
off,19
pulled,2
fined,1
urgent,1
watching,14
videos,4
diverts,1
leading,8
constant,3
reliance,2
dependent,4
means,31
digital,14
world,79
poll,2
huff,1
post,4
revealed,4
63%,1
18,2
red,2
statistic,1
showed,11
20,4
percent,19
light,7
4,6
learn,173
wrecking,1
helped,11
humans,30
follows,2
catch,8
onstar,1
exactly,18
needing,3
constantly,5
got,40
othersreaction,1
slowed,1
split,1
mostly,12
injured,4
remember,7
concentrating,2
ok,6
awlays,1
walk,13
area,11
americans,7
buying,5
fewer,5
licenses,1
leaves,5
wondering,1
has,5
obama,7
passed,5
peak,2
transit,2
helping,37
environment,45
bus,7
stops,3
decrease,7
obesity,3
big,53
numbers,3
run,45
jams,2
places,20
areas,6
fit,17
different,100
particular,3
roadheres,1
section,3
3,33
bogota,5
mayor,1
antanas,1
mockus,1
the,20
rain,3
stopped,5
participating,8
streetsgood,1
might,117
building,12
hybrid,1
wont,29
pollution,8
natural,45
gas,20
carpool,3
save,22
energy,4
neccesarily,2
trips,6
handy,5
scenarios,2
considering,13
developments,2
clean,11
small,25
towns,3
cities,7
difficult,19
travel,7
unless,14
rebuilt,2
within,26
distancestress,1
presence,5
kind,16
stress,43
of,7
heidren,1
walker,1
andrew,2
selsky,4
reduction,2
elimanate,1
certainly,4
pros,24
cheaper,6
healthier,3
conssay,1
theres,15
happend,1
son,2
hurry,1
axcident,1
seriously,8
worst,4
streets,4
crouded,1
crazy,7
els,1
benefically,1
stores,3
placed,7
street,2
malls,1
distant,3
highway,2
rosenthal,1
remains,3
thats,51
polluted,2
kids,135
fat,1
tyhese,1
days,20
gave,8
warning,4
line,8
bike,4
alot,20
kidsbetter,1
train,1
skate,1
taxi,7
pollute,1
earthshown,1
extra,31
greater,11
enviroment,4
town,5
vauban,2
germany,1
possible,53
recession,1
restart,2
habit,2
comeshowever,1
justify,2
limits,6
station,2
blocks,2
live,38
snacks,1
somewhere,6
besides,7
healthy,9
excersise,3
lowering,3
usagedavid,1
goldberg,1
offical,1
america,28
countries,5
u,15
a,14
80%,1
appropriations,1
gone,9
highways,1
sets,2
stone,1
construstion,1
lanes,1
nevertheless,6
green,2
gases,1
emitted,1
tailpipes,1
ripping,1
holes,2
earth,22
atmosphere,5
seem,26
impediment,1
improvement,7
yeah,2
destruction,1
hastle,1
costs,8
overall,20
fix,13
problems,61
regarding,4
pooling,1
lessen,3
testimomony,1
businessman,1
explains,4
opportunity,37
planet,22
stands,3
happier,4
heidrum,1
walter,1
trainer,1
mother,1
says,27
when,2
tense,2
m,32
body,7
comfortable,20
relaxed,3
presume,1
millions,6
billions,5
polluting,3
breath,2
sometimes,39
unnecessary,5
peolpe,1
freedom,43
relying,2
dont,87
actually,109
subways,2
railroads,1
buses,6
possibilities,5
favor,11
wether,3
constsntly,1
breathing,2
polluated,1
lungs,1
respotory,1
systemhand,1
community,106
populated,1
congested,1
so,32
purpose,22
program,23
usages,1
suburbs,1
denser,1
houses,2
park,2
large,14
enough,83
garage,1
comuntiy,1
$40,1
outrageous,3
city,8
question,20
asked,9
establishments,1
distances,3
faster,6
surely,5
tire,1
disagree,35
transpotation,1
entertaining,4
lately,1
feeling,24
whole,45
waiting,5
since,69
ready,15
commitment,4
purchased,1
produced,1
economy,2
government,27
spending,3
diesel,1
harming,2
enviornment,1
consideration,13
walks,1
population,26
1812,1
walked,1
thingtake,1
mor,1
stressing,4
points,18
comemeans,1
transportaion,2
including,10
bikes,4
monorails,1
excessive,1
expenses,2
gasoline,1
maintence,2
remove,3
burdens,1
riding,2
twenty,4
minutes,8
benefits,55
ourself,1
price,5
keeps,12
bill,1
eat,7
guess,5
jobs,17
cold,2
whinter,1
country,51
compleate,1
crap,1
healty,1
cutting,4
popularity,5
obligated,3
improve,19
conditions,13
shoes,2
occasionally,1
closer,9
together,13
explore,18
outdoors,1
meet,22
while,7
finding,17
limiting,2
clear,28
smog,3
noticeable,1
decline,1
american,19
americas,1
falling,6
globe,1
already,69
fallen,1
for,33
greenhouse,1
indrustries,1
companys,1
created,28
charging,2
difficlut,1
slot,1
battery,1
level,19
low,11
charge,10
neccisarily,1
wantwouldve,1
choosen,1
exersice,1
sucks,1
oretty,1
thtas,1
rich,1
lack,28
practicalitydeveloped,1
machine,8
effective,14
devlopmentcompanies,1
ford,3
mercedes,4
renaming,1
mobility,3
broader,2
product,4
range,4
personl,1
friday,2
monay,1
2,18
colombia,1
[promotes],1
transportationg,1
[they,1
ban],1
taxis,2
permitted,3
violators,1
programed,4
charged,1
$25,1
fine,14
general,6
rest,22
granted,1
appealing,2
staring,1
starting,8
rebrand,1
reorganising,1
wider,1
varieties,1
decreasing,4
bring,36
bennifits,1
numerous,3
oppurtunities,2
benifit,5
manny,2
worldwide,1
improvements,2
bennefit,1
growing,5
cleaner,4
enviorment,2
newborn,1
bacterias,1
improving,5
global,15
warming,1
bennifit,1
pool,3
co,1
workers,1
alway,2
ecosystem,1
information,73
waste,17
prices,2
food,9
resturantscost,1
precious,2
lets,8
ambulances,1
sort,12
about,18
advance,6
electricity,5
doesnt,11
atmo,1
sphere,1
statements,3
trust,41
me,14
starts,10
willing,11
maybe,38
educated,9
businessmen,1
lay,3
22,1
euro,1
31,1
dollars,6
sound,9
quite,14
convinient,1
sadly,2
built,13
designed,136
perspective,5
inside,6
moving,6
vehical,2
artical,4
included,3
actuallity,1
tremendous,1
participated,4
ahve,1
soemthing,2
by,8
leave,23
arrive,2
precisely,2
skating,1
everywhere,4
begin,13
shape,4
hours,21
millage,1
spinning,1
description,2
participation,8
given,49
characterizes,1
surrounding,3
carlos,1
arturo,1
plaza,1
mentions,5
oppurtunity,1
paragraph,32
24,2
back,62
exercise,5
longer,21
overwhelming,3
owning,3
mental,10
strain,2
needless,1
alright,4
beneficail,1
doesn,2
loves,4
perhaps,10
culture,1
countrys,1
parts,8
united,21
promoting,1
last,24
doubt,9
combat,1
loss,2
sales,1
encourage,9
products,3
thos,1
pretty,13
affect,20
benificial,1
truethat,1
saying,27
wisely,2
ten,8
followed,3
shopping,3
districts,1
renewal,1
sure,64
available,8
automobile,2
bills,3
parks,1
homedemocratic,1
issued,3
fieldhowever,1
fun,84
teachers,226
assignment,54
effort,30
schools,73
wish,36
students,1195
responsible,29
independent,15
easier,39
gain,20
project,301
teacher,240
projects,190
efficient,11
helpful,32
based,39
wants,25
student,410
knows,14
succeed,11
summer,169
assignments,56
depending,5
before,16
direct,12
jump,4
crafting,1
meets,4
standards,6
write,5
expected,5
peaking,1
interest,21
higher,9
marks,1
score,1
allowing,42
design,75
receive,20
exceed,3
requirements,15
interested,21
theory,5
rubric,13
grade,44
guidelines,14
followbut,1
approve,3
designs,6
educational,8
enjoystudent,1
smothered,1
boxed,1
benefiting,1
studentteachers,1
positively,4
potentialevery,1
responsibilities,5
bit,9
prepared,15
reevaluate,1
lesson,21
plans,3
honestly,9
thank,3
older,6
desire,2
field,6
chose,16
pursue,6
individual,15
reform,1
vain,1
space,11
engaged,3
subject,22
chosen,20
interesting,12
liking,2
interests,16
freely,2
working,59
insure,2
learned,15
connects,1
schoolproject,1
gives,34
express,19
creativitystudents,1
detail,7
experience,48
approaches,2
figure,11
works,11
studentstrue,1
first,45
master,2
proceed,3
education,65
incorrect,21
familiar,7
taught,14
decide,35
designing,21
excitement,2
confident,3
abilities,5
smarter,4
am,1
outcomes,6
superior,1
creativity,20
flexibility,1
breakuntrue,1
reasoning,18
flawed,16
additionally,6
exposed,3
wide,11
variety,6
presented,9
material,19
fairly,5
repeatedly,1
brings,6
character,1
loving,2
colors,1
assessment,1
moral,1
values,3
fan,1
hater,1
choice,46
mandatory,6
arranged,1
especially,18
observe,4
execute,1
exciting,5
efficiently,3
throughout,17
forget,13
consequently,5
insures,1
needed,37
forgets,2
projectwrong,1
success,13
care,32
completed,6
finish,18
letting,10
choose,79
creativeness,1
personal,17
leaving,6
boundaries,2
prefer,16
assigns,4
mahatma,1
gandhi,1
struggles,2
complete,55
lacking,3
specific,15
stage,1
contribute,2
100%,5
obtain,4
scores,4
assigning,3
expectations,5
parents,37
kid,13
mess,9
version,2
studentsknow,1
confusiontrue,1
overal,1
l,1
quality,13
happiness,2
raised,2
restricted,2
at,6
assign,13
understandings,2
definition,1
stating,5
effectively,3
rule,24
excel,2
academically,5
continuing,6
counter,5
thier,9
platforms,3
from,7
rangehowever,1
young,14
interpretation,2
directed,2
cirriculum,1
approach,1
counterpart,1
thirteen,1
eighteen,1
known,10
gargantuate,1
procrastinaters,1
required,36
loiter,1
crated,1
early,4
statementstudent,1
creative,20
motivation,10
enjoying,4
degree,2
worksheets,2
quizzes,1
tests,8
driven,9
imagination,2
box,7
enjoyment,1
basing,2
statisticsalthough,1
understandable,17
connect,2
direction,6
creativityproject,1
test,25
nothing,48
will,4
moreover,1
logic,5
enjoy,34
interestshowever,1
typically,4
graded,6
least,34
earn,6
poorly,5
effect,18
outweigh,16
benefitfreedom,1
received,4
disinterested,1
mattter,1
unfairness,3
consistent,4
method,32
yearmuch,1
understanding,14
excerbate,1
disinterest,1
necessarily,13
value,5
completing,10
outcome,18
serves,4
primary,2
function,4
famous,3
experiments,4
future,70
scientists,19
decipher,1
relectutant,1
appeals,1
motivated,12
academics,4
bright,4
relax,15
grading,9
fearing,1
terrible,4
achieving,2
accomplishing,1
were,4
reluctant,1
determine,7
ethic,6
determining,1
factor,21
regulated,1
deficiency,1
provided,10
suited,3
knowing,22
spent,8
months,11
picked,6
traits,3
force,11
truesubject,1
enhance,3
knowledge,46
video,46
games,18
violent,1
encouraged,2
seemscould,1
submit,2
online,235
three,21
four,1
prior,4
ask,48
questions,20
discussion,3
presenting,2
peers,8
procrastinate,7
whenever,6
electives,2
outbalance,1
telling,12
achieve,6
acrosstaking,1
ap,5
classes,188
struggle,9
grades,46
leadership,1
guidance,9
curriculum,7
dates,1
unable,4
build,5
nine,4
finally,4
deserve,11
load,6
date,3
unfair,49
month,10
slog,1
farther,4
independentlystill,1
consistantly,1
enjoyed,1
limitation,4
manifests,1
challenging,8
consuming,4
organized,9
d,10
coming,17
handle,12
babysitting,2
younger,5
sibling,1
sports,56
practices,1
families,6
beauty,2
sacrifice,2
valuable,11
applying,1
previous,6
creation,4
perfect,16
wayvarious,1
pscyhologists,1
notably,1
generic,19
name,12
disproved,1
maturity,3
intuition,1
strive,4
myth,2
arose,2
various,9
reforms,1
progressive,1
era,1
restricting,1
immigrants,1
continues,3
deem,1
irrelevant,3
provide,20
persisting,1
key,3
universities,1
chicago,1
upcoming,3
steps,2
thinkhowever,2
expressing,1
own,8
stand,14
evaluating,1
shut,4
prevented,7
intertwined,1
fail,23
canãâ´t,1
role,5
reversal,1
individuality,2
unique,13
portrayals,1
separate,1
itself,9
interactions,5
targeted,1
group,20
levels,7
weighing,2
aspects,5
selecting,6
courses,25
compromises,3
objective,1
continuos,1
partly,1
clue,3
complicated,8
tedious,1
strict,4
thrive,2
handed,2
celebrities,1
unlike,7
experiences,12
embarrassing,2
classroom,51
failures,3
idiotic,2
alive,5
motivates,2
continuous,1
cycle,2
idiot,1
eager,3
countered,1
oversee,2
actions,7
providing,4
calender,1
turned,13
merits,1
invested,4
methods,4
extreme,2
procrastinators,1
system,128
jumbled,1
messy,1
puzzle,1
enthusiastic,2
ensured,2
defeats,4
content,6
capable,20
some,7
review,3
introduce,1
evident,2
entire,16
solving,3
skills,55
tested,5
preparation,3
gathering,1
discipline,5
effectivethough,1
gets,25
troublepossible,1
pushed,4
surprising,1
necessary,15
brighter,1
enjoyable,10
soak,1
persuade,5
correctly,8
lean,1
display,5
conformity,1
commonly,2
interact,12
subjects,5
topics,15
room,14
confuse,2
easiest,5
challenge,8
doing,7
enjoyalthough,1
target,2
trouble,20
factors,9
afford,7
tutor,3
testing,7
rise,1
ground,9
claims,7
child,28
rig,1
entirely,18
pointless,3
difficulty,12
dramatic,2
shift,2
seen,18
classrooms,10
regards,1
homework,37
willingly,1
attendance,4
fear,8
add,9
worthy,3
projectsummer,1
hang,6
friends,61
excited,3
mature,5
responsability,1
heck,1
yea,2
sounds,7
perfectly,6
defeat,4
contrary,7
popular,112
belief,4
stellar,2
supports,3
minimal,6
breaks,6
tiresome,1
arent,9
appeal,2
retain,7
criteria,4
whereas,5
tricks,1
memorizing,1
flexibilitygood,1
clearly,19
move,12
pace,12
incentives,1
harder,18
outweighs,5
specified,2
structure,10
matters,9
position,7
improvise,1
hiding,7
identity,1
ancestors,1
treated,7
slavery,1
degrading,1
felt,6
establish,2
trusting,2
relationship,1
excluded,1
teaching,15
materials,7
tend,16
significant,3
proposition,1
apply,10
structuring,1
significantly,8
experienced,3
length,2
aid,3
meant,12
promptly,2
pattern,4
laziness,5
contribution,2
pushing,5
tired,5
adding,3
vacation,1
cruel,1
turning,7
found,19
astonished,1
figured,5
bound,1
told,20
loved,3
vital,7
traditional,10
history,11
started,7
economics,1
gotten,4
trusted,12
men,4
women,2
identify,4
plays,6
sped,1
through,3
colleges,4
these,3
schoolwork,7
motivating,1
prepare,13
essay,2
lab,2
presentation,1
grasp,2
mold,2
detached,1
worked,8
regain,1
love,12
validates,1
expect,9
sense,20
during,1
accomplish,4
combine,2
formatting,1
paired,1
meeting,4
goal,9
wouldnt,11
style,10
teach,25
intrest,3
msot,1
enticing,1
searching,3
answers,12
almost,21
except,5
efffectively,1
cheat,12
lazy,26
middle,13
have,18
secure,3
finishing,3
aren,2
exploring,6
comparing,1
challege,1
themselfes,1
probley,1
enjoybal,1
experiance,2
complte,1
ejoy,1
careless,1
adult,9
themselfs,2
mostlikly,1
carless,1
suppose,8
introduction,1
studentsresulted,1
non,14
completes,1
assigned,11
compared,18
practical,5
operate,3
waytrue,1
addresses,2
elements,4
forgotten,2
stay,33
nice,8
updated,2
thingsconsider,1
classmates,10
previously,7
reachable,1
email,5
contact,5
comprehending,1
relevant,4
figuring,1
surveys,1
fill,2
survey,4
acquiring,2
barely,2
rushing,3
lazily,1
justifying,1
allowed,23
productive,6
dicipliny,1
dedication,2
trails,1
came,10
compromise,7
vote,342
guide,5
incorporate,2
achievable,1
looked,11
solved,14
implement,5
corners,1
self,36
passionately,1
forces,3
mindedhowever,1
presumes,1
diverse,3
nearly,4
friendships,2
boring,7
lessons,15
physically,17
path,7
daily,5
routine,2
balance,8
assignmenthand,1
hinder,4
learns,8
assuring,2
usually,19
took,33
pass,13
final,6
varying,3
note,3
requirement,2
connection,5
theme,1
reflection,1
supposed,13
9,5
10x,1
givingeven,1
teaches,10
single,19
mater,1
into,3
grow,16
motive,1
forcing,9
art,2
spoon,1
feeding,2
eventually,4
occupation,1
im,6
deciding,6
piece,7
step,12
retaining,1
gained,7
hundreds,1
college,247
enormous,2
schoolentirely,1
assumption,4
determination,2
or,10
recieve,4
neatness,1
please,5
reporting,1
development,12
overseen,1
fair,64
planning,4
raise,4
notice,3
didnt,2
whatever,21
kicks,1
receiving,8
structured,5
necesarily,1
ended,4
creatively,1
peramiters,1
ensures,3
reflects,1
forth,2
plagarize,1
slightly,5
edit,1
largely,2
elliminated,1
everyones,2
techer,2
rigid,1
ammount,1
rid,10
engaging,3
disintrested,1
management,12
week,21
rushed,4
youll,1
twoothers,1
standard,3
inspire,4
discourages,1
august,1
challenged,5
don,9
decided,7
regulations,4
boards,2
paced,1
mistakes,12
growth,3
hurting,5
anybody,2
mind,22
proifficent,1
precise,1
assginments,1
head,15
strong,13
foundation,4
courseeasily,1
fixed,13
showing,10
relate,2
explain,9
words,3
happy,21
designbelieve,1
same,8
route,5
differently,6
paces,2
copy,2
expression,5
aspect,8
lines,3
relatively,1
credit,6
solid,3
crafty,1
determined,4
correct,15
absolute,6
blaspheme,1
weigh,3
90%,3
fall,12
priority,8
list,2
swept,1
rug,1
midst,1
discouraging,1
aside,4
devote,2
organization,6
types,13
styles,2
passionate,3
remain,6
candidate,55
counteracted,1
statement,20
frame,1
face,143
expects,3
wasting,7
sloppiness,1
thorough,1
detailed,1
prompt,1
outline,2
instructor,1
chooses,4
skateboarding,1
does,7
5,9
10,10
colorfulness,1
atleast,2
attatched,2
progress,7
guided,1
represented,5
agreed,1
decisions,9
crucial,3
individually,1
verses,1
be,22
professors,2
definitely,9
engage,3
learnteacher,1
cover,10
fifth,1
agreement,5
input,1
seniors,2
fudge,1
agendas,1
exam,4
freelanced,1
perform,10
exams,3
prowess,1
applicable,3
maximize,1
output,1
tendencies,2
busy,12
informative,1
goes,22
accompany,1
leader,5
insignificant,1
rely,4
who,8
directing,1
grasping,2
shortturning,1
onto,8
agenda,1
efficently,2
debates,1
beginning,7
solve,5
quiz,2
describe,3
vague,2
vacations,1
refresh,2
pressure,13
advice,23
proves,8
reults,1
vastly,1
enter,4
considerable,1
caught,12
preparedrestrictive,1
generate,1
frustrating,2
expecting,1
concensus,1
congruent,1
perceive,2
tep,1
persons,9
thta,1
=now,1
managing,4
suites,2
withstand,1
helps,24
assure,7
inaccurate,4
frankly,1
nature,2
hassle,2
asking,14
downfall,1
goals,3
realizes,1
classwork,4
fulfilled,3
equal,16
grasps,1
concepts,3
unmotivated,2
bored,13
overly,1
dwarf,1
comparison,2
excites,1
engages,1
trapped,1
burdened,1
mandated,1
believing,1
chore,1
offer,15
taste,1
viewing,2
specialized,2
posesstudent,1
reserve,1
select,5
reached,1
excpet,1
pertain,1
covered,4
pertains,1
overwhellmed,1
schooling,27
simplifying,1
wisdom,2
instance,4
baskeball,1
tutors,2
siblings,1
responsbilities,1
priorities,1
stressed,8
flawwed,1
monitor,4
track,5
keeping,16
fresh,1
guild,1
thoroughly,2
forbids,1
act,8
joy,2
stricted,1
biased,2
opinions,21
cheating,7
kidsteachers,1
youre,1
goofing,1
losing,5
discovered,5
navigated,1
apart,4
plate,1
book,4
ideal,3
fostering,1
intellectual,1
seek,5
plethora,1
sources,5
enhances,3
strengthen,1
retention,1
exposure,4
math,5
manage,13
critical,3
tasks,4
exponentially,1
athlete,2
basketball,2
soccer,2
players,2
dribble,1
counting,5
fingers,1
partner,2
holds,3
front,9
builds,1
newly,1
unfamiliar,1
circumstances,6
surve,1
childs,1
interestmay,1
normal,11
garanteed,1
specifically,3
outlining,1
nessicary,1
educating,1
exibit,1
personality,1
preparing,3
technically,4
reading,6
parent,15
member,1
smart,22
ice,1
cream,1
store,1
went,14
boss,1
emulate,1
access,13
upon,4
minds,10
gotta,2
incomparable,1
till,3
minute,2
slack,5
buckle,2
deadline,1
held,7
deigned,1
produces,7
inefficient,2
projectteacher,1
opprotunity,2
widen,1
knowledgehand,1
unrealistic,3
pages,1
five,6
sister,1
sisters,2
mine,4
generations,1
learing,1
basic,5
opt,1
nullifying,1
hence,1
staff,8
revise,1
produce,1
projectstime,1
oneself,2
leaning,3
shall,1
tasked,1
assessing,1
expand,4
weak,3
suitable,2
trial,4
error,10
dig,3
teeth,1
masterful,1
approved,3
firstway,1
excess,2
advantageleads,1
unwavering,1
concern,12
preferable,1
plagues,1
intervention,1
benenfit,1
summerteacher,1
organizational,1
interfere,3
schedule,12
mentally,3
beliefs,2
tiring,1
weight,6
shoulders,1
slowing,1
bonds,1
construction,4
expertise,1
effectiveness,1
categorizing,1
strength,1
bias,1
offers,4
desiged,1
pn,1
obvious,3
explained,4
paragraphs,1
guiding,4
toward,6
assist,4
prompts,1
unquestibily,1
studenst,2
desinged,2
format,1
down,5
unreliable,3
fails,3
bother,2
extensive,2
catered,1
strengths,1
weaknesses,1
processes,2
projectallowing,1
strike,2
urgency,1
clarification,1
broaden,1
critics,1
intention,2
stundents,1
critically,1
overpower,3
accustomed,2
wasted,5
tethered,1
reminders,1
nigh,1
brains,2
painful,1
hesitant,1
uniform,1
projectalthough,1
instructions,3
involvement,1
rationale,1
passions,1
extend,2
encouragement,3
funpoint,1
costly,1
wastage,1
sensible,1
sit,12
stem,1
inevitably,1
breakend,1
instructional,1
endless,1
opportunities,8
tends,2
proved,9
peer,2
believes,2
designated,1
suggest,5
thinks,3
request,2
geometry,2
proportions,2
complex,4
failure,4
page,1
packet,2
copying,1
gaps,1
variables,4
struggled,1
via,1
dangerousship,1
stalls,1
animails,1
hosted,1
oppertunity,2
farming,1
evan,2
seagoing,10
cowboy,9
heroic,1
cattle,3
horses,1
war,7
torn,1
countriesgreat,1
crewbut,1
win,36
expericance,1
wild,1
adventure,3
worthreally,1
countries\cities,1
fascinating,1
cowboys,6
volleyball,1
aslo,2
table,4
tennis,2
tournaments,1
boxing,3
fencing,2
details,3
prove,33
luke,7
lifetime,4
expiriencehowever,1
eurpoe,1
china,4
sorry,4
sea,5
sty,1
bottom,1
ship,7
idon,1
fish,1
athen,1
ovily,1
probles,1
isuse,1
alllll,1
complaining,1
thingsstill,1
incredible,2
welltrip,1
adernarry,1
looks,8
wrongthats,1
beutiful,1
views,2
plesure,1
greatest,6
satisfaction,3
mark,1
greece,1
italy,2
unforgetable,1
landmarks,1
saving,3
plus,9
ii,2
counterproductive,1
iii,1
visualize,1
importance,4
citizens,29
muchtime,1
relaxing,2
as,11
whittling,1
tournamentsmight,1
unknown,1
jouney,1
spare,2
orders,1
activites,2
venice,1
gondala,1
water,3
toured,1
excavated,2
castle,2
marveled,1
panama,2
canal,2
board,7
ships,2
unloaded,1
baseball,1
vollyball,1
fenceing,1
traveling,3
kept,5
seeing,15
join,15
awarded,1
seing,1
europe,1
outher,1
peoples,13
technologhy,1
slip,1
boat,5
protect,5
animals,11
send,10
protection,3
guns,1
othe,1
attack,1
cowgirl,1
liked,2
animalsreally,1
word,4
thecountry,1
wrongwell,1
bet,2
fight,1
lukewould,1
lasts,1
journeyknow,1
tho,1
gentle,1
creatures,3
continued,2
8get,1
no,18
absolutely,7
fourteen,2
sink,1
captain,1
ot,2
threw,3
exorcist,1
clam,1
chowder,1
heading,1
empty,1
supplies,1
activitiesbelieve,1
lucky,1
onbord,1
amazing,16
sights,3
stories,2
joining,4
unbelievable,1
neat,1
rode,3
thisng,1
whle,1
caring,1
offered,10
allies,1
whille,1
stayed,2
watched,3
boy,1
wrongcould,1
peopleend,1
finished,3
touring,1
citys,1
feed,1
luck,1
worldget,1
abunch,1
special,2
dangours,2
worck,1
jobwell,1
completly,7
definitly,2
pays,4
straight,6
chill,2
differences,2
journey,4
dime,2
penny,1
remeber,1
injury,3
broke,1
rib,1
paragraph7,1
parteners,1
named,2
joe,1
lukes,1
knew,5
fiji,1
thailand,1
wallets,1
wallet,1
favorite,5
tv,5
recover,2
hey,4
sickthink,1
careful,6
acting,2
boats,1
guy,3
befor,2
e,2
extracurricular,35
optional,2
nobody,3
desk,4
activities,73
massive,2
lovealthough,1
oppritunities,1
oppritunity,1
passion,4
knowothers,1
voices,2
finds,1
heardsomeone,1
sport,19
participate,31
club,15
clubs,13
dr,4
matthew,1
brown,1
professor,6
psychology,2
washington,1
mindset,3
largest,2
timmy,1
lung,1
supervisors,1
argues,2
brms,1
shell,1
minority,3
gary,2
smith,1
claimed,3
refuse,3
depression,3
suicidal,2
thoughts,8
after,7
dropped,3
togetherargument,1
session,1
hour,11
pricey,1
registration,1
fee,3
janaders,1
isnt,21
strongly,10
musical,3
instruments,1
activitiesstudent,1
attend,44
socially,3
akward,1
poeple,1
disagreehowever,1
joined,1
terms,4
civics,1
yearbook,3
team,27
game,9
obstacles,1
chores,1
planing,1
ive,1
ne,1
tried,10
shocker,2
lonely,2
fellow,5
notices,2
became,5
did,2
staying,11
quit,1
moneyhowever,1
2243,1
responses,1
96%,1
unhappy,1
voluntarily,2
interrupt,3
schedules,3
plenty,9
bullied,4
county,4
administrators,1
discussed,1
counselor,2
socialize,5
friendsthat,1
response,4
islet,1
negatives,8
positives,6
chess,1
fieldsocial,1
financially,1
denying,2
budget,27
timethink,2
curricular,4
abuse,4
newreasons,1
lifechanges,1
service,60
teambut,1
termenously,1
entertainment,9
handling,1
appearokay,1
signed,2
academical,1
purposes,3
language,1
six,4
sitting,7
changing,11
vulnerable,1
adjusted,3
activityschool,1
fills,1
gap,2
cliff,2
stopping,3
offering,5
donate,1
halls,2
resources,11
sleep,8
wanna,4
ideaothers,1
forgetting,2
tuesday,1
thursday,1
backs,1
educate,2
memorable,1
impacted,1
hood,2
english,4
parentshowever,1
only,4
principal,7
bell,1
rings,1
hundred,4
hunded,1
mention,5
dose,2
dislike,2
alredy,1
normally,5
bed,4
00,1
william,1
mary,1
8th,3
afterwards,2
152,1
wanting,5
changed,17
netflix,1
minimally,1
teams,6
weekend,2
everydaycase,1
stopdifficulties,1
skip,4
excused,1
absence,3
helpmany,1
untill,1
career,4
bounce,2
thingsthink,1
efforts,4
territory,2
organizations,2
committee,1
forever,5
gun,1
shouldn,2
fortunate,1
filled,2
sponsor,2
mainly,3
memebers,1
ad,3
extracurriculars,2
flustered,1
mr,1
opertuntiy,1
requiring,3
respect,6
pressured,1
eachother,3
optionsone,1
butterflies,1
reserved,1
mad,5
aggressivealso,1
asleep,3
dropping,2
defects,1
bases,1
donãâ´t,1
mom,1
screaming,1
closest,2
approval,2
intrigued,1
cant,30
mey,1
futurenasa,1
studying,12
venus,45
author,23
insight,4
curiosity,3
endeavors,2
pursuit,2
trys,1
convince,1
readers,1
metal,1
ther,2
venuspros,1
mission,10
succed,1
die,4
resorces,1
exploration,4
land,19
survived,1
challenges,4
overcome,5
invent,1
dangercomes,1
race,7
commonmight,1
plan,12
dense,2
hover,3
bits,2
redundant,1
anyone´s,1
ago,2
scientist,17
butit,1
similer,1
surface,7
rocky,2
sediments,1
valleys,1
mountains,2
craters,2
pieces,1
supporting,2
examples,3
lacked,1
explanation,4
why,8
brought,4
dangers,7
elaborate,1
writer,3
endeavor,1
mars,115
accepting,1
host,1
sample,1
rocks,4
gaseven,1
outstand,1
heat,1
shore,1
thiges,1
statesbelieve,1
strictly,3
nasa,120
proposed,2
basically,13
hovering,2
thirty,2
harsh,7
conditons,1
upside,3
moree,1
downside,1
astronauts,1
collect,4
samples,2
concept,7
scientifically,3
servive,1
venous,1
becuase,11
missout,1
discover,4
elaborates,1
pointing,1
survive,3
equipment,2
accomplishments,1
patient,1
rush,2
patiently,1
technological,5
advancments,1
unbeliveably,1
advancements,3
despite,10
potentially,6
benefitauthor,1
impossible,8
eye,3
parapgraph,1
peering,1
orbiting,1
penetrate,1
background,2
surfaces,1
understood,4
astronomers,1
equally,7
intimidating,1
firm,2
beleiver,1
benifits,5
sticking,3
firstauthor,1
explored,1
dispite,1
conditionsmechanical,1
mechines,1
electrical,1
computers,23
smartphonesrealizes,1
explorethough,1
talks,1
float,3
fray,1
pushes,1
realistic,5
manner,5
reader,2
radiation,1
survivable,1
humanshowever,1
structures,2
sent,4
supported,2
throught,1
passage,3
enviromental,1
hurdels,1
legitiment,1
articlethink,1
deal,13
breakers,1
countering,1
describes,1
blimp,1
harshest,1
conition,1
disusses,1
electronics,5
silicon,1
carbide,1
equipped,2
intense,2
inhospitable,1
machince,1
nonetheless,4
backing,4
counterclaim,3
argued,5
explaining,3
developed,16
truely,1
close,27
craft,1
escape,4
venusian,1
storms,1
landscapeplan,1
mechanical,1
gears,1
levers,1
withstanding,1
punishment,3
dangerour,1
physical,19
scienstist,1
venusdownsides,1
destroyed,1
ends,4
our,1
travels,1
onearth,1
doubts,1
expanded,1
edges,1
innovation,2
8,24
contributes,1
visiting,3
shoudn,2
jus,1
sad,2
facial,11
coding,7
syestem,1
expressionand,1
facealthough,1
studentshowever,1
computer,50
sympathy,1
emotion,6
huang,3
most,5
nonverbal,1
needd,1
individuals,8
degrees,5
universal,1
eyebrows,1
furrowed,1
similarities,1
emotions,28
ather,1
crashing,4
experiment,1
destroyedfacial,1
understandingcould,1
faculty,4
depressed,2
angry,1
invention,3
hackers,1
crackers,1
exploit,1
security,3
databases,1
images,5
facesoften,1
woefully,1
incomplete,3
exaggerated,1
react,1
appropriately,1
fingerprint,1
scanners,1
recognition,3
interprets,1
faking,1
advancement,3
technologylike,1
techology,1
tells,7
felling,1
invading,1
privacythats,1
honest,4
sovle,1
soical,1
worker,1
7,9
billion,1
acuratly,1
moment,5
scanning,1
expressions,6
actualy,1
workout,1
likesolved,1
hopefully,3
happended,1
robot,3
beserk,1
comprehensabletecnology,1
learningeven,1
blank,1
protrayed,1
anyhow,1
versus,1
invasion,2
privacy,4
software,8
recognize,3
teachersthat,1
devlopment,1
facs,4
flaws,18
fixeddisagree,1
gret,1
consoulor,1
teen,8
usethough,1
coruption,1
prosses,1
generation,3
practicle,1
ajusting,1
drousy,1
random,4
camera,15
ciriculum,1
internet,15
anywhere,6
neededtechnology,1
convincing,2
emotionally,3
teenager,1
alone,20
modify,2
throws,2
spot,3
shy,6
nervous,2
alreadythink,1
facesdata,1
evil,1
robots,3
planned,2
bings,1
souls,1
procces,3
haterate,1
hate,4
sensative,1
woud,1
benefitted,1
usingreality,1
evergrowing,1
unnimportant,1
reads,2
shared,1
accsessed,1
surgeon,1
operation,1
forward,4
tecnology,1
avalable,1
masses,1
trroubled,1
afraid,3
precieved,1
dumb,1
unintelligentwe,1
faze,1
problemshuge,1
flaw,5
log,6
upset,5
ruined,1
moon,1
truthful,2
struggling,3
feelings,4
21,1
confused,6
frequently,1
modifying,1
introducing,3
constructs,1
model,3
muscles,6
instructer,1
above,3
mood,1
eitheir,1
potentionally,1
schoolspecial,1
code,2
algorithms,1
beffy,1
servers,1
divert,1
stronger,2
computerswould,1
thingdr,1
firmly,1
mixed,3
imagery,1
todayprogram,1
gauge,1
questioning,1
preferences,1
auhtor,1
risorius,2
zygomatic,2
fake,2
smile,5
avalible,2
unfortunatley,1
harms,1
exremely,1
emtions,1
percieving,1
listed,3
plugged,1
classroomwould,1
useless,4
espically,1
strange,3
imotions,1
mouth,4
stretched,1
sideways,1
muscle,1
expert,1
faces,5
muscel,1
clues,1
smiling,1
politician,2
celebrity,1
[that],1
waisting,1
guessing,1
proper,4
techonology,2
began,3
constructed,1
44,1
preveniting,1
mass,2
shootings,1
thingsmuch,1
examining,1
oneselfothers,1
sometimesstill,1
count,11
invade,1
privice,1
realtionship,1
abusses,1
stil,2
snap,1
picture,56
thee,1
caulculate,1
crimes,1
dull,1
slight,2
detect,3
nit,1
mechine,1
app,2
calculate,1
someones,2
particularly,1
academic,9
anticipated,1
violence,1
cyber,2
happens,22
spit,1
classesfortunately,1
creators,3
conjured,1
msucles,1
cheeks,1
purky,1
identifying,1
visually,2
technilogical,1
discoverance,1
kinda,1
coolcould,1
waver,1
expermintlong,1
varied,1
schoold,1
hide,25
especally,1
counselors,3
blieve,1
expressed,2
your,2
worthtytrying,1
cames,1
decodes,1
teachersimply,1
classroomhen,1
havving,1
sidesapproach,1
uncomfortable,3
arguements,2
warranted,2
falsehoods,1
pro,2
enoughwould,1
createused,1
permission,2
undertsanding,1
emotons,1
defenders,25
acient,5
civilization,31
marstrue,1
evedance,2
aliens,60
eggsist,1
evertything,1
teir,1
investigation,1
invesigations,1
jim,3
garvin,8
alians,1
mesa,21
myself,3
extraterrestrial,1
impression,2
mountain,3
hill,1
resemble,1
surveyor,14
drew,9
looknasa,1
ancient,25
asumed,1
artifact,10
assume,2
april,21
2001,35
malin,6
captured,6
extraordinary,4
maximum,7
resolution,12
pixel,10
image,19
spans,4
56,4
meters,6
43,2
per,3
1976,6
viking,4
photo,26
equiped,1
theories,7
profits,1
announce,1
michael,2
photos,9
capture,1
size,8
equipmenttrue,1
1970s,1
cameras,10
pictures,16
landformation,1
1998,5
original,3
siting,1
mysterious,1
erriy,1
unvieled,1
blan,1
formation,7
press,1
argue,14
newspapers,1
magazine,1
inhansed,1
onestime,1
jpl,2
butte,9
landforms,9
west,7
foreheads,1
wierd,1
obserd,1
hidden,3
surviving,1
night,6
ignorantly,1
fifteen,1
smartest,1
unveiled,1
caption,2
noted,2
resembles,3
formed,7
shadows,9
nose,4
annd,1
controllers,3
added,10
discern,7
illusions,1
shocked,1
onehowever,2
markings,12
settle,1
concrete,1
evidencereally,1
alienssomething,1
camerafalse,1
diffrent,1
moneymuch,1
sunny,2
erosion,2
plaitonic,1
movement,1
located,1
north,1
martian,9
latitude,1
winter,2
snow,1
believeing,1
unfactual,1
merely,1
alien,46
cloudless,15
cydoniathough,1
looksthird,1
clearer,5
photograph,2
extatic,1
evidnce,1
answercould,1
rumor,1
disappearing,2
perpostourous,1
colleague,1
believed,4
existing,3
shadow,1
flew,1
cydonia,14
saw,11
tons,4
proving,3
landform,50
surveyer,2
looksadly,1
was,3
offically,1
confirmed,1
researchers,2
afterwords,1
denies,1
isn,2
turns,5
equivalent,6
mesabut,1
fuler,1
actuale,2
bones,2
statues,1
lest,1
statue,1
shaped,2
beleives,1
acncient,1
marsapril,1
cloudles,1
targeting,1
workcould,1
reveal,2
mistaken,2
aftward,1
scienctists,1
improved,3
landformapril,1
mistaking,1
montain,1
stratigicly,1
declines,1
newer,3
takenargument,1
factual,2
skeptics,3
appeard,1
wise,1
thig,1
landformeven,1
prority,1
gdet,1
facefinally,1
picturefog,1
lens,2
fogged,2
precipitationmeanwhile,1
blew,1
signs,7
intelligent,2
planets,1
story,7
burtst,1
bubble,1
realease,1
grant,2
develope,1
zoomed,1
waited,1
monument,9
sharper,3
stutdied,1
discovering,4
obivious,1
dissapointment,1
landformso,1
objects,6
indicating,1
interaction,18
portray,1
to1976,1
yfirst,1
picturses,1
amercian,1
skeptical,1
theorists,5
responds,1
conspiracy,5
theorist,1
landformtruth,1
aircrafts,2
pyramids,7
extrodinary,1
photograghed,1
numorous,1
beingspeople,1
slightest,2
popluar,3
icon,3
belive,3
earthfirst,1
disproven,1
sitiuation,1
convience,1
universe,2
2001a,1
cydoniamars,1
mesalandforms,1
westdefense,1
martien,1
buttle,2
p,3
12,4
civilisation,1
bunch,5
pop,3
discovery,7
thoughtfully,1
pointed,3
existance,1
immensely,1
logical,7
11,4
thumb,5
airplanes,6
eqytian,1
shacks,6
rolled,2
spacecraft,5
center,3
feild,1
veiw,1
camer,1
reslotionscientists,1
zeke,1
insured,1
stubborn,1
thoughknow,1
publice,1
dosen,2
therory,1
haze,5
cloudy,2
photoes,1
requiered,1
qwell,1
theas,1
rummors,1
recieved,3
carvings,1
which,3
ablolutly,1
peek,1
hid,1
markingsthats,1
prespective,1
likefinally,1
aliensthat,1
profit,2
wishes,4
cililization,1
flat,2
clouds,2
wich,1
egyptian,4
seriousness,2
hope,10
meanwhile,6
lifesent,1
formapril,1
lookorganization,1
roof,2
funding,2
reponse,1
brief,1
grand,2
canyon,1
n,1
publicity,3
fund,3
secret,1
defineitly,1
publicsecond,1
somthing,1
shattering,1
p5,1
litteral,1
rocket,1
massively,1
resolutioned,1
illustrated,1
er,1
reaserching,1
noticed,4
attract,1
exclaims,1
coincidence,2
pharaoh,1
appearing,2
pharaohs,1
giants,1
mile,2
demonstrate,1
debate,2
official,1
combats,1
conspiracies,1
pixal,2
¨,1
size¨,1
article11,1
news,4
likly,2
absurd,4
corrispondence,1
winning,10
pure,1
equivanlent,1
landofrms,1
aroung,1
controlers,1
acloundless,1
vikings,1
landmass,1
revealing,1
angle,2
earlier,7
satisfied,2
nothingnasa,1
wished,1
handful,2
truthmichael,1
orbiter,1
planes,1
egytian,1
excellent,1
relevance,1
weather,8
dipicked,1
characteristics,2
oxygen,2
ignoring,1
trace,1
1975,1
invalid,4
cotrollers,1
spite,3
complications,2
cloudess,1
defined,1
mgs,2
canjus,1
naturaly,1
search,1
obtained,3
phenomenal,1
kinds,2
happeing,1
stars,1
beleive,3
stick,3
robert,1
shaper,1
truefirst,1
uploaded,1
website,2
oddly,1
snapshot,1
improvedagain,1
qualities,2
snake,3
river,4
plain,1
idaho,3
becasue,5
neverthless,1
couldless,1
third,2
roll,1
gravin,1
didn,1
bear,1
uncle,1
yard,1
heads,7
landformreason,1
led,3
shot,3
hopeing,1
silence,2
doubters,1
intelegent,1
drumming,1
proofreally,1
landmark,2
conspiracys,1
monumentprove,1
credible,1
casted,3
groundbreaking,1
anceint,1
civilazation,1
ninety,2
wen,1
tto,2
jet,1
propulsion,1
apppear,1
arounf,1
unusual,3
egyptain,1
pharoh,1
events,3
straws,1
tooken,1
fuss,1
andother,1
tier,1
fetures,1
exsample,1
reminded,1
man,5
blaming,1
lying,1
illogical,1
absolutly,1
realise,2
monumentaly,1
depsite,1
maxium,2
resilution,1
civillzation,1
lava,2
layer,1
snapped,1
thrid,1
tremedously,1
artifactmade,1
bve,1
shawdows,2
attracted,1
marshowever,1
dome,1
near,7
statingtrue,1
diferent,1
missed,5
sceintist,1
alliensmany,1
researching,3
reminds,1
thinkthink,1
aa,1
weathering,1
sun,4
rainy,1
wet,1
artifacts,2
technologypicture,1
myths,1
markingssaying,1
desert,1
camre,1
actaully,1
sendcloudless,1
lookparagraph,1
controller,1
faceperhaps,1
covering,1
ow,1
puniy,1
creater,1
fuse,1
fred,1
rantting,1
thoose,1
crazyyet,1
messa,1
landformanyone,1
civilation,1
plates,1
marsclaims,1
ours,1
disprove,1
summerapril,1
argumental,1
hardly,2
convinced,1
rebuted,1
chief,2
pixer,1
factually,1
enhanced,1
rationally,1
span,1
studys,1
fasinating,1
landformtrue,1
spread,7
rumors,2
lifeforms,2
untrue,3
reflected,1
outstanding,1
resoluation,1
anatural,1
shots,1
we,1
taxpayers,1
,1
supporters,2
giant,1
extremely,15
exciteing,1
unfortunatly,1
greates,1
scientic,1
breakthroughs,1
each,1
pixels,1
print,1
weird,1
natrually,1
alliens,1
exsist,1
sculpt,1
hardarguement,1
released,1
grew,1
coud,2
bind,1
extraterestrial,1
beings,1
crystal,1
extrordinary,1
spewing,1
disasters,1
eruptions,1
quakesbut,1
glad,3
nerves,2
tingling,1
reflect,2
warmth,1
grin,1
bulb,1
normallybut,1
awards,2
prizes,1
volunteer,4
beta,1
dance,1
surfing,1
afters,1
barley,2
eight,2
should,4
likebut,1
appreciate,5
what`,1
deep,2
insideair,1
cleaning,3
communityneed,1
wrapper,1
trash,4
neighborhood,5
someday,1
everybody,5
communityfirst,1
volunteering,2
raffle,1
prize,2
businessknow,1
learninghelp,1
pride,1
obviously,1
television,2
communitystudents,1
accomplishment,1
weekends,4
couch,1
larger,8
weekly,1
monthly,1
v,1
litter,4
latter,1
theirs,3
homeless,3
plant,1
tree,1
timewould,2
reward,4
overlooked,1
outlook,2
attitude,4
coach,1
he,6
she,3
requiredothers,1
standing,3
drop,5
litteractually,1
goer,1
pone,1
troubles,4
missing,15
othersut,1
earthcases,1
importantassure,1
donecome,1
wasn,1
partially,3
suggestions,1
medium,3
lovestay,1
failing,4
faith,5
payed,1
wiser,1
twice,6
cash,2
supply,1
hanging,3
miserable,1
thingstudents,1
neighbors,1
dog,3
babysit,1
cousins,1
loads,1
throw,5
hall,2
criticism,1
burden,1
attending,29
tiered,1
overs,2
principle,5
muchbad,1
wanthelping,1
partake,2
min,2
betterassure,1
withoutshows,1
morning,4
needkids,1
unhealthy,1
forcingmean,1
involves,1
assembly,1
unchanged,1
betterthat,1
touch,4
crime,1
desires,1
pizza,2
party,26
movie,3
50,4
flags,1
sooner,1
overtime,1
thankful,1
clothing,2
participates,1
deed,1
trivial,1
heard,7
brighten,1
somebody,5
f,3
adultsextra,1
motivate,3
studentsridiculous,1
enhancing,1
meals,1
wheels,2
restaurant,1
deliver,1
beach,1
lifestyle,3
thingsmatter,1
nicer,2
communitysubjects,1
stranger,1
smiles,1
girl,1
mall,1
maby,1
schoolthat,1
promised,1
recommend,2
commendable,1
lend,1
lunch,15
recess,1
adjust,3
neighborhoods,1
happenreality,1
punished,5
tips,2
hangout,1
tutoring,1
elementary,1
functions,2
south,4
carolina,3
beautiful,1
behalf,1
couches,1
communitywould,1
chart,1
credits,3
graduation,5
woring,1
needy,1
hospital,1
mrdd,1
shelter,1
judging,1
helpstudents,1
sluggish,1
senior,1
h,1
simplest,1
participatingremember,1
dirty,1
disgusting,1
importantgreat,1
bank,1
smalllittering,1
foul,1
damages,2
acts,1
services,2
subsidiary,1
gradeseveryone,1
sharpen,1
remind,2
policy,29
athletes,3
studiestotally,1
scholars,2
marvelous,1
rates,4
unremarkable,1
foot,1
c,19
eligibility,2
coaches,3
suggestion,2
devastated,1
term,5
carried,1
invincible,1
compete,2
rounded,1
coopretively,1
enforce,3
loose,2
bsports,1
scholarship,3
offs,3
star,2
player,3
arrange,1
mornings,1
averaging,1
hardest,5
fairsome,1
developing,7
childhood,1
skyrocket,1
mertiaral,1
understandkids,1
workthat,1
recognized,3
disagreeyet,1
influencing,1
warnings,2
softball,1
calm,1
letter,1
understandhowever,1
decent,2
concentrate,6
failingalso,1
monthsproblems,1
hardsee,1
passing,6
activitiesdefinitely,1
disciplined,3
mates,1
quitting,1
careers,4
seasons,1
awhile,1
likes,4
cobb,1
angrier,1
practicing,2
activitiesalready,1
legal,2
removed,1
predicament,1
citizenship,1
horrible,2
altogether,3
season,1
blue,1
championshipsneed,1
fault,21
guardiansage,1
workpeople,1
effected,2
president,151
gpa,2
0opinion,1
cheerleaders,1
squad,1
75%,2
78%,1
79%,1
naysayer,1
stud,1
affective,1
teenage,3
drugs,1
gangs,1
hardimprove,1
worsec,1
unreachable,1
foreseeable,2
represent,9
athletic,1
beneficiarypositive,1
segregated,1
becasas,1
privilege,12
exception,2
assisted,1
lift,1
timeplan,1
bore,1
averageassure,1
uniforms,2
balls,1
abused,3
shooting,1
ball,1
agreeevery,1
graduate,6
athletics,2
wouldn,1
consequence,3
driveless,11
accomadations,1
sensors,16
breakspeople,1
recongize,1
google,11
opperating,1
roads,12
alert,19
tentative,1
reacting,1
mishap,1
puting,2
disoriented,1
automated,4
throughs,1
fisrt,1
button,1
flip,2
switch,2
manufacturers,18
whith,1
automakers,5
solvedbetter,1
destroy,2
humainity,1
driverless,118
goodimagine,1
shuts,1
hits,3
whose,3
antilock,1
brakes,4
paranoid,1
con,3
lastest,1
repair,1
gm,3
seat,6
vibrate,4
object,2
hydrent,1
quote,5
if,4
manufacturer,4
currantly,1
controle,1
usalthough,1
strenuous,1
ablilities,1
anti,4
lock,1
catastrophies,1
boundries,1
arise,1
wake,5
buyalthough,1
sensros,1
wave,1
somepeople,1
savings,1
compare,2
hacking,3
misunderstood,1
phenonenon,1
aboslute,1
hack,1
remedied,1
conventional,2
encouraging,2
trend,1
technologies,1
carfully,1
rep,2
differnt,1
peopl,1
squish,1
deter,2
developers,4
reallyhelp,1
vibrating,2
chair,3
vtell,1
itis,1
welcome,1
announces,2
duties,1
drivers,1
seats,2
flashing,1
windshield,1
displays,10
deveopling,1
roadtechnology,1
advancing,1
regularly,1
limitationshowever,1
corrupt,2
steers,1
oh,1
featurs,1
jam,3
watches,1
combination,3
programming,2
effiecient,1
notify,6
controls,1
trecherous,1
situationssaid,1
quicker,2
notified,1
array,1
roadreality,1
effectscar,1
replacement,1
proportionally,1
fuel,3
miniscule,1
fraction,1
flawshowever,1
saferpeople,1
machineswould,1
innovations,1
decades,2
senors,1
failed,4
sensor,5
incapable,1
controlling,3
replace,3
suplement,1
commercial,1
aircraft,1
beileve,1
foward,3
somethings,1
sell,3
reported,1
involving,2
tech,1
totally,5
autonomous,6
evolve,2
regular,15
circumstance,1
steer,5
antilocks,1
assurance,2
capibility,1
outweights,1
prositive,1
functioning,2
biggest,8
concerns,5
unemployment,2
arrest,1
answered,3
certainty,7
criminals,1
reminder,1
preventable,1
prohibiting,1
manufaturers,1
truned,1
instantly,3
manual,2
upgrade,2
manufactures,4
automatically,1
designers,1
vibration,1
blames,1
annual,1
mantainancerefute,1
measures,4
attentive,2
incase,3
infact,2
render,1
accomidate,1
evaluate,2
saftey,2
collisions,2
driverlook,1
somewhat,3
worrysome,1
operator,1
solely,1
preforming,1
predominantly,1
dad,1
passenger,3
drifting,1
dark,1
awake,2
alerts,2
totalled,1
seemingly,2
guarentee,1
scales,1
reliably,2
batteries,1
facinated,1
loosing,2
theycould,1
hitch,1
hike,1
competely,1
continually,1
maneuvering,1
roadwork,3
enterainment,1
entertained,3
they´re,1
convinces,1
headed,1
scaresmay,1
stake,1
sentence,1
manufacters,2
quotes,1
messed,4
injuried,1
reviews,1
benz,2
audi,2
nissan,3
2020,5
achieveing,1
2075,1
capability,1
drivetechnology,1
hoping,1
release,3
downsides,4
concerding,1
onewhn,1
supervised,1
controling,1
postive,1
upgraded,1
alters,1
werner,1
huber,1
interpert,1
maunfactures,1
transport,1
problemsmonitoring,1
drives,3
errors,2
assitance,1
projected,1
2016,2
autopilot,3
90,2
stretches,1
resolved,3
accure,1
menuver,1
invision,1
expansion,2
estate,2
tax,5
inheritance,1
40%,1
inherited,1
40¢,1
taxes,4
infrastructure,1
tuition,1
mishaps,2
current,7
versions,1
event,4
intervene,1
signals,5
spock,1
outway,2
few,2
lazier,1
drove,2
deisel,3
truck,1
efficent,3
burns,2
hotter,1
chemicals,1
creats,1
traumatic,1
glitches,2
freeze,2
glitch,1
terirble,1
humancould,1
assisting,3
radar,1
costed,1
allready,1
windsheild,1
window,2
lifes,1
benefitial,2
becoming,4
worthless,2
noting,1
hassel,2
mixes,1
court,1
messes,1
replacing,4
ordinary,1
narrator,1
tampered,1
hacked,1
malfunction,4
abolute,1
coal,1
consruction,1
sites,2
saves,1
forturne,1
advantages,5
faitality,1
humanadvance,1
reallyhowever,1
basics,2
occure,1
wreckless,2
devoid,1
accelerate,5
brake,8
deesigned,1
maintaining,2
benenficial,1
liability,4
nate,1
eliminating,2
asset,1
outweighed,2
producing,1
blame,7
hurdles,1
drain,1
thay,1
relied,1
prediction,1
dramatically,2
deer,2
jumped,1
60,5
mph,1
wreck,6
tank,1
sometin,1
soecial,1
blinded,2
manually,3
technical,4
diffuclitys,1
passanger,1
ditch,1
carsagree,1
dirve,1
opition,1
binging,1
p8,1
manufacture,1
op,1
futuristic,1
dodge,1
truthworthy,1
circut,1
momentthats,1
eventhough,3
vision,1
eyesight,1
removing,3
malfucntions,1
difficultkies,1
spins,1
cointrol,1
handled,3
affecting,3
assembled,1
programmed,1
emergancy,1
hypothetical,1
pleases,1
difficulties,2
compaines,1
praising,1
stats,1
mutiple,1
overtakes,1
theyre,1
breaking,2
mimicing,1
senses,1
racoon,1
daydreaming,1
notifies,1
carelessinventors,1
pulling,3
driveways,2
dealing,4
navigating,4
zones,2
accept,4
zone,5
cares,2
dissappear,1
appearance,1
stations,1
whatsoever,1
mistake,1
wrecks,1
unsafeness,1
incontrol,1
handicap,1
legally,1
blind,1
deaf,1
grave,1
crossing,1
oblivious,1
collide,2
conflict,2
unproductive,1
liabilty,1
instictively,1
warned,1
navigate,2
theough,1
headlines,2
depicted,1
fantasy,1
revolting,1
waisted,1
stoplight,1
exaple,1
trynna,1
worried,3
hitting,1
curb,1
introduces,1
messaging,2
eliminates,1
eliminated,2
responsiblebelieve,1
ruduce,1
controll,1
regret,1
killedhowever,1
bringing,5
occureusing,1
payments,1
realitly,1
observed,1
invented,1
alerted,2
malnfuntion,1
faults,4
brand,2
uncalled,2
somtimes,1
accidenteventually,1
confidence,4
affordable,1
assess,1
warn,1
timewise,1
disability,1
coutry,1
relief,2
worrying,3
meltdown,1
malfunctioning,1
alertdone,1
revolutionize,1
malfunctions,1
tendency,2
distrating,1
controlled,2
sale,2
businesses,1
lincense,1
mes,1
catastrophic,1
selfs,1
havent,1
depends,9
drivening,1
thousands,3
limo,1
bmws,1
filling,1
cabs,1
install,2
noify,1
comepanis,1
arer,1
notifing,1
formes,1
alerting,1
pasenger,1
seets,1
announcing,1
prepered,1
flash,1
shield,1
automate,1
meantime,1
bmw,1
assistant,1
monotonous,1
diffused,1
couldnt,1
upkeep,1
tail,1
applied,1
quits,1
soild,1
publicalthough,1
fees,2
anygiven,1
stare,2
avery,1
notifly,1
buyer,1
worries,3
soulution,1
constraints,1
nessesary,1
factory,1
uplift,1
woman,2
imputs,1
entrusting,1
tries,2
psychologists,1
drag,1
racing,1
chaos,5
passangers,1
comingreality,1
casue,1
tegnology,1
rear,1
exists,2
drivereless,1
apear,1
lawmakers,1
quicky,1
conclusion,3
bought,1
&,1
carful,1
adapt,3
candidates,27
votes,112
smaller,12
unappreciated,1
electoral,257
pickelectoral,1
avoids,5
elections,25
voters,81
voting,86
carrying,4
knwoing,1
incentive,3
startign,1
campagnewinner,1
ststes,1
notthe,1
election,95
complained,1
winners,1
swing,26
2000,13
fifty,1
anachronism,3
voter,17
eligable,2
voted,16
2012,7
straightforward,1
constitutional,1
problematic,2
maine,2
nebraska,1
alternate,2
setup,1
proportional,2
representation,5
catastrophe,3
ties,5
deadlocks,1
hawaii,3
campaigns,2
17,3
ads,2
presidency,8
greately,1
complicate,3
presidential,19
kess,1
infromation,1
canidates,10
electors,90
canidate,20
winner,29
bribery,1
faught,1
independence,4
peace,4
200,3
slaves,1
himself,1
hero,1
dispute,15
populat,1
plumer,8
appropriateme,1
fixing,1
inbalenced,1
anotherhowever,1
51,4
3%,1
61,4
7%,2
neccessarily,1
elctions,2
recieves,2
cast,7
tie,40
prefernece,1
senators,4
representatives,12
delegations,1
senate,2
vice,5
possitive,1
collage,4
hole,1
fabric,1
founding,5
fathers,4
established,3
constitution,7
electon,2
congress,8
prsident,2
qualified,1
citizensuruly,1
untrustworthy,3
collge,1
abolished,6
noone,1
tipped,1
scale,1
fought,1
protested,1
agaist,2
necessarally,1
once,2
incompotenttrue,1
demcratic,1
elector,17
democratic,8
elected,14
signifigant,1
cadidates,1
branch,2
runner,1
reasources,1
rewardless,1
chnging,1
optionthink,1
everyne,1
democracy,3
ran,3
538,5
total,1
stlight,1
creates,5
landslide,3
representing,4
actuall,1
cheated,1
sya,1
replaces,1
revote,1
ruling,1
agaisnt,2
crisis,4
thousand,4
rarely,19
divide,1
counted,6
representative,8
fluctuated,1
fiasco,3
century,4
implies,1
eligible,5
nationwide,1
apathy,1
implied,1
informed,7
elect,23
1968,4
41,2
971,2
deadlocked,1
occured,1
mere,3
559,2
ohio,4
687,2
80,1
happenreason,1
campainge,1
victory,3
outnumber,1
statment,1
slate,21
shipped,1
betrayed,9
previouse,1
presedent,2
brek,1
posibility,2
decite,1
political,9
reference,1
disregard,3
perefect,1
changes,6
fairgive,1
gore,6
thoughtful,9
nixon,3
allthought,1
countless,1
promises,1
likley,1
candiate,1
cofide,1
270,2
presidentyes,1
texas,6
florida,5
mexico,1
thoughtout,1
likelyhowever,1
opposing,2
civilized,1
judged,1
presidents,10
debt,1
wife,1
obese,1
grains,1
foods,1
nominating,1
appreacite,1
rare,15
leadeers,1
appeased,1
democrats,4
republicans,3
office,15
bigeest,1
usa,1
lies,2
saysusually,1
knowlege,1
nned,1
reallybut,1
disproves,1
unvalid,1
arguementsalso,1
opposed,2
neglecting,1
winningdefinalty,1
procedure,1
union,2
unity,1
gouing,1
contradict,1
originally,1
clinton,1
1992,1
43%,1
plurality,3
futurekey,1
analyzed,1
montana,1
wyoming,3
beats,1
35,3
citizen,2
california,8
evens,1
oublic,1
guarenteed,1
meansfair,1
posner,14
occuring,2
heavily,3
outways,2
theses,3
statespast,1
refused,1
disagreements,1
vs,1
bush,6
blesseddue,1
supportactually,1
statedisagree,1
candiates,1
electons,1
supportmakes,1
disproportionallysay,1
supposse,1
wins,2
loses,1
couse,1
anger,1
jugdement,1
jokes,1
telivision,1
unbalance,1
rhode,2
island,2
despised,3
radically,1
presidenthappens,1
colledge,3
imformation,1
elecoral,3
neutral,1
counts,3
dominated,1
neutrals,1
factoreverything,1
receives,5
helpfulthats,1
fool,1
compirmise,1
beliving,1
belifesdefense,1
battles,1
decition,1
judge,2
saver,1
opinionated,1
substantial,2
republican,5
basicly,1
organizes,1
incredibly,2
rights,3
amendments,1
incidents,2
widely,3
regarded,3
overruled,4
declaring,1
thimes,1
traditionsopinion,1
smallest,1
complicates,1
presidental,3
electionhand,1
represents,2
represnted,1
elctoral,3
fighting,3
disputes,3
selects,7
nominee,9
segregationists,1
ethnicity,1
disaster,5
mist,1
selection,1
runs,1
forecasting,1
oucome,1
ignored,1
equality,3
rivals,1
slim,1
controversy,1
dissension,1
alltogether,1
region,9
executive,1
oaths,1
pledged,1
betray,6
extreamly,1
unelikely,1
hat,1
themself,1
beive,1
chosse,1
contry,1
speech,2
swings,6
invariably,2
heppen,1
mcdonald,1
nasty,1
recipe,1
policies,3
understan,1
compleatly,1
abolish,5
hiccups,1
irreleventwrong,1
diagree,1
governmtent,1
shifted,1
federal,3
members,4
calims,1
parties,2
betrayedbetter,1
beg,1
selected,2
avoiding,1
tied,1
outdated,11
substituted,1
remained,1
effiecency,1
richard,9
defending,1
carefully,1
statesalthough,1
utilized,1
becauseit,1
induces,1
toss,8
decreed,2
edge,1
ut,1
shine,2
hearts,2
reverse,1
arguement,2
sway,3
regional,2
meaningless,1
regions,3
preserve,1
uncertainty,1
significance,1
1888,6
mindcampiagn,1
ect,1
fate,3
homeland,1
nominees,1
hardley,1
restores,2
disater,1
modern,8
desicions,1
[,1
],1
sentirely,1
old,5
magizine,1
writes,1
democatic,1
actuially,1
democrate,2
electionstates,1
chosing,2
intended,1
invalidating,1
argurment,1
relies,3
overwhleming,1
parochial,1
shortsighted,1
viewpoint,1
populations,3
elite,1
aristocracy,1
vast,3
alienate,1
skipped,1
canidatesalso,1
1960,1
demorcratic,1
replaced,3
oppostition,1
jfk,1
undermine,1
voteing,1
shouldnt,4
mostlikely,1
happencompletely,1
dicisons,1
unjudged,1
presidence,1
qouted,1
electorial,3
everytime,1
happenedgoes,1
soth,1
northeast,1
winalso,1
truebelive,1
parnoid,1
pessmist,1
appoints,1
tensionbut,1
faulty,2
electionfirst,1
competing,2
wearing,1
decideing,1
farmer,1
prides,1
derectly,1
peorson,1
processusually,1
thrown,2
voteslikeliness,1
likeliness,1
define,1
camppaign,1
unedrstand,1
resposibility,1
politcal,2
backlong,1
agoelectoral,1
desputes,1
upsid,1
eto,1
vistiting,1
compulsory,1
turnout,1
dissolving,1
margin,3
agreeable,1
assuming,3
popuation,1
colllege,1
dreadful,1
eletors,3
presidantthat,1
everyonebest,1
allscauses,1
greaatly,1
overthrow,1
slates,1
electorals,3
register,2
considers,1
statestrue,1
override,1
mistakenhowever,1
suggnifucnt,1
residents,3
disenfranchised,2
corupt,1
tough,1
votersunderstand,1
oppinion,2
changesource,1
therfore,1
segregation,2
prone,2
settled,1
distinction,1
asian,1
won,2
expessed,1
mpstly,1
tabs,2
fraud,1
curve,1
occasion,1
campaigning,2
nationeveryone,1
saystill,1
representativesgood,1
betrayedyet,1
conclusioun,1
kindthink,1
realisic,1
natioal,1
electing,8
focuses,1
misinformed,1
misinterpretation,1
whon,1
sourses,1
disision,2
whyone,1
deside,1
accurate,6
honets,1
politics,2
votebut,3
ethuisiastic,1
differencetrue,1
poinless,1
john,3
kerry,2
insane,1
beacuse,3
presindent,1
500,3
disregarded,2
tiepopular,1
registered,1
littered,1
satisfactory,1
sayiong,1
opion,1
meany,1
rational,1
benificaial,1
destructive,3
assures,1
differt,1
probility,1
somethinghowever,1
downsidesbelieve,1
overrated,1
disputed,3
collegethink,2
jimmy,1
carter,1
bob,1
dole,1
afl,1
cio,1
problmes,1
george,1
unlikelystate,1
legislatures,2
thaat,1
peopledefeats,1
votesregarded,1
unfairmaybe,1
ingoring,1
counntry,1
shapeopinon,1
disagee,1
mathematial,1
tangible,2
core,1
evidense,1
sates,2
thoughful,1
balanced,2
recently,1
2000despite,1
irrational,5
shares,1
knowyone,1
collegesays,1
discontinued,1
resspect,1
disrepect,1
eligeable,1
votedhonestly,1
amounts,2
vis,1
versa,1
staets,1
location,3
populos,1
unlikeble,1
unequalelection,1
equalized,1
somebodys,1
expessualy,1
daysquote,1
ruledisagee,1
forwards,1
backwards,1
[2012,2
s],2
electionreasons,1
pursuade,1
16,1
distributing,1
satisify,1
voterslet,1
races,1
presiodent,1
basis,2
tossed,1
chooosing,1
registar,1
comment,1
literic,1
bradfort,2
disagrees,1
shortly,1
thanks,1
quirks,1
bradford,3
wirthy,1
vaild,1
naional,1
advoids,1
minimum,1
succeeding,1
votersget,1
discuss,1
popoular,1
quirky,1
disfunctionable,1
balancing,1
contradicts,1
markets,1
irrefutable,1
loop,1
votewrong,1
sir,1
exclude,1
promotes,1
assertions,1
withiout,1
electroral,1
fairness,1
heared,1
talented,1
trustworthy,2
grandpa,1
70,1
leaders,1
wellfact,1
unlikelypeople,1
preference,5
breaker,1
nothings,1
electionstill,1
simplifies,1
persidents,1
chaning,1
mant,1
accusations,1
account,7
accounted,1
htat,1
cnadidate,1
detriments,1
immensly,1
deride,1
representitive,2
supplimenting,1
obsolete,1
presently,1
fedral,1
informs,1
goverment,1
99,1
puopular,1
wroung,1
anyonenot,1
casts,1
whould,1
55,2
califorina,1
repeating,1
voter`s,1
presidentcy,1
lucid,1
outting,1
outcomelikely,1
collegedone,1
elecotral,1
opinionhand,1
wellway,1
farwould,1
percentcount,1
nowadays,1
tipping,1
fret,1
address,2
fond,1
articles,1
honesty,1
wouldve,2
appear,1
white,1
farthers,1
advantageswhatever,1
rejected,1
hoped,1
originallyhowever,1
overload,1
sinister,1
toying,1
kennedy,1
happenings,1
swear,1
presidant,5
elcectors,1
representitves,1
scandals,1
risen,1
decidecould,1
beacause,1
situationyet,1
triedchosen,1
entitled,1
ketchup,1
snd,1
importantly,2
tru,1
conlusion,1
unfortunutely,1
dosent,1
reallly,1
successfully,2
phsycological,1
insecurity,1
citizensworks,1
thoughtthats,1
abolishment,1
hearing,1
anywaytime,1
pasing,1
orgainze,1
bemeficial,1
desevere,1
adge,1
constitutionelectoral,1
becuse,1
stateknowing,1
wrongdoings,1
expresses,1
whe,1
overused,1
everythimg,1
processs,1
whic,1
hgives,1
yiou,1
onf,1
youo,1
pleasedbest,1
justice,1
techinally,1
unfortuanitly,1
eclectoral,1
braker,1
succsessalso,1
strawman,1
instances,2
neither,1
systemdisavantages,1
decesion,1
overlies,1
revised,1
pulrality,1
kinks,1
colege,1
insinuate,1
reaveling,1
uslike,1
techniques,1
reduces,2
horible,1
democrat,2
anachronismstill,1
an,1
questioned,1
smooth,1
insigator,1
visit,2
visited,1
highschool,2
rude,3
nicest,1
belong,1
injustice,1
truley,1
undertsand,1
eletoral,1
sucessful,1
presidnets,1
ehich,1
canidat,1
majoirty,1
popual,1
wanr,1
ine,1
singal,1
49,1
ineffective,1
voicing,2
populous,1
health,11
plainly,1
consists,1
senator,1
oftening,1
insteadpopular,1
sayhowever,1
#,1
indefensible,1
laid,2
defenses,1
prospect,1
votetakes,1
ignore,4
virtue,1
mal,1
apportionment,1
inequality,1
viewed,1
generally,1
00000001%,1
amazed,1
ocuurs,1
choseing,1
sided,1
dealbased,1
eles,1
happenmatter,1
mpopular,1
appears,1
obsurd,1
votebest,1
presidentelectors,1
alows,1
thingvoters,1
ultimate,1
serve,1
superpower,1
jeprodize,1
amercia,1
realistically,1
its,1
contradicted,1
anarchy,1
ocasion,1
positions,2
betrays,1
trans,1
disputate,1
votemay,1
cheaters,1
helpevery,1
favoritebeleive,1
speack,1
utah,2
liberal,1
conservative,1
columbia,2
under,1
23rd,1
amendment,1
district,1
allocated,1
togetherchildish,1
frivilolus,1
recount,1
prosperity,1
messege,1
ludicrous,1
unlikey,1
happennumber,1
situtation,1
sums,1
romney,1
thye,1
elctorial,1
faithful,1
underhanded,1
uncensored,1
aboutb,1
branches,1
intend,1
whilst,1
faithless,1
permanantly,1
governmental,1
riskalthough,1
olne,1
contary,1
shorter,5
systemgood,1
peopleless,1
votealso,1
collegemean,1
electionnotion,1
fabrication,1
practically,1
statewide,1
founded,1
1979,1
obselete,1
oppose,2
occurance,1
attributes,1
durable,1
thogh,1
oudated,1
presidium,1
presides,1
comprises,1
populationssource,1
exceeds,1
votevoter,1
electorkid,1
confiscate,2
pickthough,1
disciplinary,1
tactics,1
detentionstudents,1
hardjob,1
wantwould,1
bullying,10
punishable,1
daughter,1
goinggive,1
backsaid,1
bettertimes,1
periods,3
sending,1
texts,2
locker,1
perfume,1
cells,1
namedose,1
violating,1
unreasonable,1
beliveway,1
privileges,1
tracker,1
catholic,1
morals,1
stealing,1
sin,1
audacity,1
commandments,1
schoolpunishment,1
flow,1
faculties,1
somethingstudent,1
schooltelling,1
ban,3
overboard,1
pocket,2
ringer,1
packs,1
occupied,1
unavailable,1
somehow,2
issuetimes,1
upper,1
bye,1
changeable,1
reprimanding,1
problemlet,1
timestill,1
annoying,1
alsoable,1
learnothers,1
picks,2
studentsincase,1
timeletting,1
disrupting,1
duty,1
returning,2
obey,2
obsessedproblem,1
cain,1
schoolmuch,1
detention,3
openright,1
enforced,1
wallunderstand,1
detraction,1
phonesmany,1
converse,1
textreality,1
trickery,1
phoneslet,1
timebelieve,1
phonesschool,1
purposecould,1
punishmentsreally,1
problemwould,2
reinforced,1
disturbing,1
othersthat,1
phoneshope,1
problemstime,1
phonesmay,1
advisory,1
sayings,1
upgradethings,1
worrymean,1
everyonephones,1
calculators,1
entering,1
knowstudents,1
difficulthowever,1
unthinkable,1
asks,2
reply,1
slapped,1
phonesthink,1
silent,2
disobey,1
defy,1
wither,1
arrogant,1
rebelling,1
tick,1
laughs,1
giggles,1
trade,1
aloud,1
sneak,1
iphones,1
borrow,1
guardian,4
consult,2
timethat,1
automatic,1
brokenwould,1
repeat,1
jeopardise,1
memory,1
contacts,1
buddy,2
buzz,1
dating,1
interrupting,2
drama,4
basket,1
phonesadults,1
understands,2
dint,1
6th,1
rat,1
nut,1
anywayalso,1
100,1
reminding,1
forgot,1
gym,1
clothes,1
lockers,1
petitionstudent,1
ringing,1
privlege,1
sneaking,1
1notice,1
onesothers,1
hallway,2
enforcing,1
punishments,1
band,1
campus,1
purse,1
horribly,1
suspension,1
rebels,1
possession,1
lunchbut,1
phonethink,1
propose,1
extremes,1
uncomfortability,1
strengthens,1
adulthood,1
approaching,1
atmospheres,1
screen,16
apprehension,1
abundance,1
encounter,1
scouted,1
sanctioned,1
phsically,1
glimpse,1
th,1
epoint,1
merit,1
douwnsidessolution,1
crowded,2
rooms,3
outlets,1
succeeded,1
fatigue,1
comprehend,2
performance,3
attended,3
supervise,1
reassurance,1
instructors,1
educators,1
homeable,1
resonsilbilty,1
taugh,1
prioritize,1
salary,1
leap,1
arevtaking,1
gradesoverall,1
happymany,1
backyard,1
littlereally,1
both,1
overwhelmed,2
groove,1
taxing,3
scenery,1
spaces,2
immersing,1
encourages,1
anxiety,10
drastic,2
settings,1
enduring,1
hardship,1
miss,9
laced,1
closed,2
internetbelieve,1
conferencing,16
redirect,1
luxury,3
proficient,1
antisocial,2
homeschooled,1
comfort,5
hometrue,1
increaing,1
50%,2
learnreasoning,1
relationships,6
auditory,2
wrongsituations,1
mastery,1
learneddisagree,1
cyberbullying,2
transfer,1
conference,9
finance,1
facillitating,1
receieve,1
timely,1
fashion,1
overrule,1
ain,1
financial,3
laptops,4
copious,1
anxious,1
introverted,2
waking,1
behaviors,1
secretive,1
bondsattend,1
classessometimes,1
clases,1
graduated,1
correlation,2
givenreally,1
tasking,1
rebuttal,1
whent,1
distractic,1
breakfast,2
flexible,2
versatile,2
virtual,3
interactionthus,1
embarrassment,1
disorder,2
workearly,1
stages,1
evidently,1
iron,1
resource,3
personalized,3
quieter,1
enrolled,4
setbacks,1
instant,1
differencedistance,1
double,1
confined,1
inflexible,1
youd,1
schooled,11
portion,1
impaired,2
deserves,1
awkwardness,1
lecture,1
irresponsible,1
monitored,3
dues,1
schoolstudents,2
reinforce,1
saved,1
quiet,3
facetime,3
contacted,1
tone,1
reviewed,1
uploading,1
yield,1
professional,1
performances,1
compassion,1
bode,1
cyberbullied,1
affected,3
observing,1
environments,1
prime,1
homeyet,1
disabilities,2
certificate,1
unsupported,1
connections,1
unexposed,1
integral,1
stems,1
unacceptablestill,1
learningstudents,1
ecological,1
remote,1
distractedcould,1
streaming,1
shutdowns,1
prevents,5
limitations,1
usual,1
skillsworking,1
steal,1
likeagree,1
employed,1
teachings,1
specially,1
homeschooling,1
alternativewrong,1
factorhowever,1
fingertips,1
accessible,2
massesoffering,1
quizes,1
scholar,1
epidemics,1
proliferation,1
disease,3
adolescent,1
amplified,1
distribution,1
ratio,2
mutually,1
reasonshowever,1
worlds,1
performing,1
conferences,4
additional,6
instruction,3
clicking,1
dayshand,1
paste,1
homes,3
recommended,2
negatively,3
ridiculous,1
effectivewhile,1
persuasive,1
pointsocial,1
surrounded,2
contains,1
massage,1
relating,1
chats,2
discus,1
ideasstudents,1
involve,2
lecturemay,1
dontlevel,1
workhonesty,1
pupils,1
experiencehowever,1
slide,1
preventing,1
lifestyles,1
homeapply,1
waystudent,1
dedicated,2
collaborate,1
refer,1
guid,1
tutour,1
replicate,1
runthings,1
achieved,1
immense,1
private,4
schoolsimportant,1
secedebut,1
hardtime,1
adopting,1
warranties,1
acces,1
topprincipal,1
reunions,1
accepted,2
tardiness,1
workworld,1
roomsonline,1
situationally,1
kidalthough,1
recieving,3
noises,1
learningimportant,1
bullies,3
placeconcerns,1
relatives,1
likemental,1
instad,1
optionunderstandable,1
affordability,1
surpasses,1
accounting,1
consistency,1
covers,1
dissagreed,1
chemical,1
labs,2
chemistry,1
pig,1
disection,1
biology,1
understnd,1
abnormal,1
misbehaving,1
benefited,3
mitigate,1
problemshowever,1
classyet,1
trump,1
multitude,2
downsideshowever,1
isolate,1
persononline,1
pitiable,1
weed,1
exceptionally,1
introduced,1
publicstudent,1
chancehowever,1
grants,1
relaxation,1
innovative,1
pursuing,1
wear,1
pets,1
hardships,2
skips,1
accordingly,1
contacting,1
wifi,3
library,2
prerecorded,1
nt,1
frustrated,1
classesalthough,1
offeredunderstandable,1
comforts,1
curriculumcases,1
discomforthowever,1
audio,2
admission,1
virus,3
immune,2
activitieslikely,1
disturbites,1
bothering,2
turnstudents,1
fitnessrealized,1
harassment,1
lectures,2
beneficialalso,1
gaining,3
weakness,2
plansalways,1
groupsonline,1
mentallymay,1
opened,1
56%,1
needsolve,1
issuestypes,1
supervision,1
removal,1
dining,1
transitioning,1
collegestudents,1
homecheating,1
attacks,1
locked,1
optiononline,1
cheap,1
600,1
luckily,1
televisions,1
grater,1
questons,1
inmediately,1
consularbut,1
afternoon,1
sickness,4
trigger,1
essential,2
bur,1
whos,1
interacting,2
multiply,1
strategies,1
defiantly,1
notions,1
trained,2
debilitating,1
packed,1
illness,4
bully,1
anythinghowever,1
against,1
homely,1
environmentmajority,1
considerhappiest,1
homethough,1
truehowever,1
chat,3
desperate,1
predicamentsincorrecthand,1
understimulation,1
whiteboards,1
practiced,1
hinders,3
learningblasphemous,1
neglectful,1
fears,1
locations,1
prevalent,1
unsupervised,2
actively,2
straining,1
stresstrue,1
timestudents,1
assessments,1
sharing,4
web,3
cam,1
incorrectmajority,1
wouldperfectly,1
viable,1
classalthough,1
bewildering,1
compressed,1
workload,2
soothing,1
comforting,1
productivity,3
gradespeople,1
noisy,2
loud,2
ill,1
sentences,1
succeednevertheless,1
ease,5
handhowever,1
wonderfure,1
differents,1
football,1
wath,1
cinemark,1
prefers,1
classeshowever,1
midnight,1
workextremely,1
learningcame,1
id,1
learners,2
arguable,1
broadens,1
schoolthink,1
curricula,1
procrastination,4
thingsstaying,1
fallacies,1
sheltering,1
othersthings,1
slacker,1
endevoursschool,1
belonging,1
harassed,1
helphowever,1
uv,1
protector,1
skillshowever,2
benfit,1
deficits,1
schooltrue,1
perceived,1
interference,1
livestrue,1
hotspot,1
problemswrong,1
educationcould,1
strategy,1
remark,1
clarity,3
efficiency,1
conflicts,1
desirable,1
wishing,1
educative,1
dismay,1
dances,1
pep,1
rallies,1
attendingwould,1
albert,1
einstein,1
entrepreneur,1
vee,1
illnesses,2
confront,1
plausible,1
isolationlearning,1
entirelybut,1
chrome,3
books,3
blessed,1
browser,1
extensions,1
guardianhowever,1
clears,1
begins,1
timeamount,1
household,2
schooltake,1
subjecttrue,1
handouts,1
zeros,2
falsestudents,1
setbackswould,1
systemfullyhowever,1
opposition,1
refuses,1
reprimanded,1
deadlines,1
partaking,1
producehowever,1
companionships,1
peopleclearly,1
ideathus,1
implemented,2
facing,1
instructorsarguments,1
competitive,1
academies,1
academieseveryone,1
opportunityi,1
tress,1
fights,1
drills,1
downfalls,2
firsthand,1
literally,1
crutch,1
teachersonline,1
termhowever,1
promisedschools,1
sticky,1
truebetter,1
essaystudents,1
homehowever,1
scool,1
streamlined,1
simplified,1
deficit,1
unforeseen,1
fallibility,1
predictable,1
reject,1
restrain,1
birds,1
advantagewould,1
reap,1
rewards,1
libraries,3
matterhowever,1
dissolved,1
skype,2
enriching,1
punishmentsgood,1
negativeswell,1
pile,1
capitalistic,1
societytrue,1
wrongdespite,1
hardworking,1
21st,1
connected,2
ethics,1
peacefully,1
guides,1
questinos,1
studentswithout,1
falsely,1
nears,1
socializing,1
accommodations,3
obstacle,1
endangers,1
pase,1
evironment,1
inhibit,1
mindsethowever,1
emmerged,1
acesss,1
errands,1
loophole,1
reliant,1
gradesissues,1
crippling,1
lengths,1
remedy,1
nuanced,1
typical,1
isolated,1
necessaryagree,1
centimeter,1
confrencing,1
edpuzzle,1
khan,1
academy,1
muchbeneficial,1
physicallyimportant,1
schoolcase,1
managementend,1
supervising,2
tension,1
officeused,1
resilience,1
theyll,1
discussions,2
achievements,1
fulfillment,1
chunk,1
importantbenefits,1
insurmountable,1
met,1
cancellations,1
narrow,2
hone,1
rebutted,1
sociallets,1
distraced,1
sometimesstudents,1
productively,1
cooperate,2
nearest,1
ironically,1
tought,1
beneficialalthough,1
initial,1
disadvantageshowever,1
disadvantagedistance,1
convinience,1
oversleeping,1
bathroom,2
restroom,1
heal,1
discomfort,1
schoolrising,1
cease,2
professionally,1
missedfully,1
misses,1
retains,2
counties,1
knowledgeable,1
mundane,1
taskshowever,1
reliefdefinitely,1
fed,1
messing,1
gossip,1
ideasay,1
catchig,1
finsih,1
eveything,1
ups,1
amountunderstandable,1
schoolsocial,1
worryargue,1
hep,1
youtube,1
wind,1
meaningful,3
youth,1
increasing,1
usestudents,1
worldhowever,1
male,1
refute,1
stagnant,1
stimulate,1
handedly,1
graduates,1
focussing,1
recovering,2
sidetracked,2
viruses,1
distanced,1
mediocre,1
poverty,2
53%,1
distractstudents,1
schoollearning,1
judgment,1
workevidence,1
unexpectedly,1
opens,1
surrounds,1
incorporating,1
standardization,1
shifts,1
fro,1
misconceptions,1
moments,1
independently,1
initiative,1
connecting,1
wayfalse,1
individualized,1
suggested,1
dealt,1
periodically,1
nicely,2
attends,1
impersonate,1
trick,1
concerning,1
laptop,1
roughly,1
square,1
property,1
award,1
argumentstudents,1
respectable,1
stooping,1
instinctively,1
venture,1
environmnt,1
acdemics,1
improvment,1
wouldtruthfully,1
clueless,1
elective,1
papers,1
alreadyhowever,1
experiencing,1
accentuate,1
sechdules,1
dress,1
lazing,1
adhd,1
disorders,1
noise,1
undoubtedly,1
slacking,1
transcript,1
standardized,1
qualifies,1
rephrase,1
providers,1
notes,2
adchieve,1
inevitable,1
laying,1
slows,1
fallacy,1
principles,1
issuessometimes,1
forfeit,1
observation,1
droning,1
distantly,1
displayed,1
meager,1
unsatisfactory,1
just,1
skyping,1
bond,2
mentor,1
hidner,1
understandably,1
legitimate,1
classhowever,1
directionalso,1
advantagenevertheless,1
helpalthough,1
fitting,1
situationstudents,1
toxic,1
schoolingable,1
shifting,1
phased,1
profession,1
comprehension,1
bent,1
modified,1
scheme,1
temporary,1
slowly,1
acclimated,1
socialization,1
beside,1
cripple,1
potentialbut,1
socialism,1
friendshowever,1
opportunitysometimes,1
endures,1
guidethink,1
themseves,1
pacekids,1
transition,1
lunches,1
delivered,1
awaytherefore,1
between,1
detracts,1
testout,1
committed,1
theatre,2
someplace,1
black,1
inability,1
relearn,1
thermostat,1
schoolingonline,1
permit,1
intruments,1
speaks,1
writesonline,1
adapted,1
complication,1
disruptive,1
disorganized,1
complicating,1
awareness,1
learningtruth,1
income,1
disincentive,1
inadequate,1
monitoring,1
interactive,1
digitized,1
completedteachers,1
begun,1
combatting,1
dl,1
detract,1
lcps,1
sufficient,1
fundingbelieve,1
casealso,1
muti,1
skillsone,1
remainder,1
choses,1
althought,1
distinct,1
colds,1
responabilty,1
dependentdisagree,1
friendship,1
cooperation,1
possess,1
realities,1
harsher,1
calculator,1
subjecting,1
classing,1
beneficialdespite,1
unintentional,1
inspired,1
acquire,1
advises,1
confusinglot,1
thinknever,1
choiceanother,1
biasalso,1
mistakeseven,1
relive,1
waysputting,1
invloved,1
elses,1
fields,1
father,1
colleage,1
needsometimes,1
helpfullisten,1
insights,1
bestpeople,1
helpexperience,1
overloading,1
advicehowever,1
sees,1
oxford,1
clarify,1
thinksometimes,1
satisfacttimes,1
stall,1
feedback,1
seeking,2
helpneed,1
dismiss,1
spin,1
jail,1
ideayet,1
65%,1
outsiders,1
wing,1
gut,1
angles,1
negativity,1
intel,1
puzzlecant,1
snitched,1
bulling,1
startslike,1
